gene_5,gene_3,breakpoint_5,breakpoint_3,transcript_5,transcript_3,fusion,ensg_5,ensg_3
AR,RPL14,67545307,40462048,ENST00000374690,ENST00000338970,AR-RPL14,ENSG00000169083,ENSG00000188846
CBFB,MYH11,67082309,15721052,ENST00000412916,ENST00000396324,CBFB-MYH11,ENSG00000067955,ENSG00000133392
CPSF6,DYRK2,69239707,67657105,ENST00000266679,ENST00000344096,CPSF6-DYRK2,ENSG00000111605,ENSG00000127334
DLG1,PAK2,197076585,196805351,ENST00000346964,ENST00000327134,DLG1-PAK2,ENSG00000075711,ENSG00000180370
ESR1,CCDC170,151702006,151585888,ENST00000440973,ENST00000239374,ESR1-CCDC170,ENSG00000091831,ENSG00000120262
FLNB,SLMAP,58008857,57890040,ENST00000490882,ENST00000428312,FLNB-SLMAP,ENSG00000136068,ENSG00000163681
FOSB,UBC,45468713,124913775,ENST00000353609,ENST00000536769,FOSB-UBC,ENSG00000125740,ENSG00000150991
ITGB6,RBMS1,160195368,160318228,ENST00000283249,ENST00000348849,ITGB6-RBMS1,ENSG00000115221,ENSG00000153250
OAZ1,MKNK2,2269745,2043583,ENST00000602676,ENST00000250896,OAZ1-MKNK2,ENSG00000104904,ENSG00000099875
PCMTD1,ST18,51860843,52207507,ENST00000360540,ENST00000276480,PCMTD1-ST18,ENSG00000168300,ENSG00000147488
PICALM,DLG2,86068650,85285366,ENST00000393346,ENST00000376104,PICALM-DLG2,ENSG00000073921,ENSG00000150672
PTN,HSPE1,137300977,197500344,ENST00000348225,ENST00000233893,PTN-HSPE1,ENSG00000105894,ENSG00000115541
PTPRK,RSPO3,128520258,127148647,ENST00000532331,ENST00000356698,PTPRK-RSPO3,ENSG00000152894,ENSG00000146374
QKI,PACRG,163478897,163314826,ENST00000361752,ENST00000337019,QKI-PACRG,ENSG00000112531,ENSG00000112530
RPS6KB1,VMP1,59893326,59838294,ENST00000225577,ENST00000262291,RPS6KB1-VMP1,ENSG00000108443,ENSG00000062716
SLC45A2,AMACR,33982235,34005900,ENST00000296589,ENST00000382085,SLC45A2-AMACR,ENSG00000164175,ENSG00000242110
SMARCA2,UHRF2,2015405,6420911,ENST00000382203,ENST00000276893,SMARCA2-UHRF2,ENSG00000080503,ENSG00000147854
SOS1,MAP4K3,39051143,39378124,ENST00000426016,ENST00000263881,SOS1-MAP4K3,ENSG00000115904,ENSG00000011566
UBAP1,DCAF12,34179241,34107566,ENST00000625521,ENST00000361264,UBAP1-DCAF12,ENSG00000165006,ENSG00000198876
ZNF292,SYNCRIP,87155760,85641452,ENST00000369577,ENST00000369622,ZNF292-SYNCRIP,ENSG00000188994,ENSG00000135316
